metric,ratio
fixed,1.501000
rng,1.253000
sim,76.330000
state_hash,1.001000
